{"Logistic Regression": {"accuracy": 0.7218746379330321, "precision": 0.9952515400410678, "recall": 0.6194584231967409, "f1_score": 0.7636256215843632, "auc": 0.9507977054720805}, "Decision Tree": {"accuracy": 0.9805932105202179, "precision": 0.9887676508344031, "recall": 0.9844236760124611, "f1_score": 0.9865908817996237, "auc": 0.9932168800239997}, "Random Forest": {"accuracy": 0.9434596222917391, "precision": 0.9778127328421227, "recall": 0.9434459621375509, "f1_score": 0.9603219773965364, "auc": 0.9873823413964221}, "XGBoost (Tuned)": {"accuracy": 0.9814042405283281, "precision": 0.9939261418853256, "recall": 0.9803498682003355, "f1_score": 0.9870913258535409, "auc": 0.9983688466312146}}